keys,en,zh
生命 %d / %d,Health %d / %d,生命 %d / %d
还需收集 %d 个卷轴,Collect %d more scrolls,还需收集 %d 个卷轴
出口已解锁,Exit unlocked,出口已解锁
先击败最终 Boss,Defeat the final boss first,先击败最终 Boss
时间到,Time's up,时间到
忍者倒下,The ninja has fallen,忍者倒下
任务完成,Mission complete,任务完成
最终 Boss 已击败,Final boss defeated,最终 Boss 已击败
最终 Boss · 星陨守将,Final Boss · Starfall Warden,最终 Boss · 星陨守将
按 R 重新开始,Press R to restart,按 R 重新开始
第一关 · 旧村小径,Level 1 · Old Village Path,第一关 · 旧村小径
第二关 · 石仓回廊,Level 2 · Stone Warehouse Corridors,第二关 · 石仓回廊
第三关 · 竹海古道,Level 3 · Bamboo Sea Trail,第三关 · 竹海古道
第四关 · 月影神殿,Level 4 · Moonshadow Temple,第四关 · 月影神殿
第五关 · 星陨天守,Level 5 · Starfall Keep,第五关 · 星陨天守
时间 %02d:%02d,Time %02d:%02d,时间 %02d:%02d
卷轴 %d / %d,Scrolls %d / %d,卷轴 %d / %d
总音量 %d%%,Master volume %d%%,总音量 %d%%
生命耗尽,Out of health,生命耗尽
忍者夜行：三分钟夺卷,Ninja Night Scroll: Three-Minute Escape,忍者夜行：三分钟夺卷
任务失败,Mission failed,任务失败
游戏暂停,Paused,游戏暂停
游戏已暂停，倒计时也已暂停,Game paused — the countdown is paused too,游戏已暂停，倒计时也已暂停
继续游戏,Resume,继续游戏
重新开始,Restart,重新开始
返回标题页,Title Screen,返回标题页
按 Esc 或 P 继续,Press Esc or P to resume,按 Esc 或 P 继续
NINJA NIGHT RUN  ·  2D 动作逃脱,NINJA NIGHT RUN  ·  2D ESCAPE ACTION,NINJA NIGHT RUN  ·  2D 动作逃脱
潜入敌营，收集三份卷轴，在倒计时结束前逃到出口。,"Infiltrate the camp, collect three scrolls, and reach the exit before the countdown ends.",潜入敌营，收集三份卷轴，在倒计时结束前逃到出口。
玩家忍者,Player Ninja,玩家忍者
追踪敌人,Chasing Enemy,追踪敌人
操作说明,Controls,操作说明
WASD / 方向键,WASD / Arrows,WASD / 方向键
移动,Move,移动
攻击,Attack,攻击
3 个卷轴,3 Scrolls,3 个卷轴
三分钟内到出口,Reach the exit in 3 minutes,三分钟内到出口
开始游戏,Start Game,开始游戏
Enter  开始潜入,Enter  to begin,Enter  开始潜入
WASD / 方向键：移动    Space：攻击    Esc / P：暂停    R：结束后重开,WASD / Arrows: Move    Space: Attack    Esc / P: Pause    R: Restart after result,WASD / 方向键：移动    Space：攻击    Esc / P：暂停    R：结束后重开
